/*!40101 SET @saved_cs_client     = @@character_set_client */;
/*!50503 SET character_set_client = utf8mb4 */;
CREATE TABLE `accounts` (
  `id` int NOT NULL AUTO_INCREMENT,
  `naam` varchar(32) NOT NULL,
  `email` varchar(32) NOT NULL,
  `wachtwoord` varchar(256) NOT NULL,
  PRIMARY KEY (`id`)
) ENGINE=InnoDB AUTO_INCREMENT=5 DEFAULT CHARSET=latin1;
/*!40101 SET character_set_client = @saved_cs_client */;
INSERT INTO `accounts` (`id`, `naam`, `email`, `wachtwoord`) VALUES (1,'René','vnr@csg.nl','8d847e01d22baa969f71fa362b4de21c9e13c7882bcea13ba5c6a8ae0d71fc8c9700c82e0087a65c8b37bd29f536747f28c9672bec1cae7762d2c9f36b6013f2'),(2,'Pieter','plp@csg.nl','64b1da9e2c1faa690cb7fe7f392525c9a41ab1963e161d46fbbd973535c4ed512081da192a6760940a6f54bf6402d6100a1f607c9a351f1236e043ed5c887dc1'),(3,'Ids','osi@csg.nl','158bd6e847c3b942bef60752fbda08ecd7fa06a32f1503802a9f5449337f2680584d3e293bad5cf4d221b4237cc2b7cc01d89449b56d7a0817acb80e8869ade3'),(4,'Vincent','vnv@csg.nl','4e649ac2bea1a2b77c13b7f9fc89eba0c3bd8ad3b30ac065a4cf5db642b5368cecb58d8e8cbdcf926616bfb606096ee82fb980bb5dd8b73906ea85ef6708c3bf');
/*!40101 SET @saved_cs_client     = @@character_set_client */;
/*!50503 SET character_set_client = utf8mb4 */;
CREATE TABLE `fotos` (
  `id` int NOT NULL AUTO_INCREMENT,
  `titel` varchar(32) NOT NULL,
  `subtitel` varchar(64) NOT NULL,
  `omschrijving` varchar(512) NOT NULL,
  PRIMARY KEY (`id`)
) ENGINE=InnoDB AUTO_INCREMENT=5 DEFAULT CHARSET=latin1;
/*!40101 SET character_set_client = @saved_cs_client */;
INSERT INTO `fotos` (`id`, `titel`, `subtitel`, `omschrijving`) VALUES (1,'Museum','Chalon-sur-Saône (Frankrijk), 27 april 2020','Foto genomen in Musée Nicéphore Niépce.'),(2,'Molens','Eemshaven (Groningen), 27 april 2020','Foto genomen tijdens een excursie. Nabewerking in Lightroom.'),(3,'Naar Huis','Schiermonnikoog (Groningen), 27 april 2020','De donkere lucht waarschuwde al: niet veel later zware onweer.'),(4,'Sneeuwduinen','Katwijk aan Zee, 27 april 2020','Zwart-wit-bewerking van een schilderachtig tafereel.');
/*!40101 SET @saved_cs_client     = @@character_set_client */;
/*!50503 SET character_set_client = utf8mb4 */;
CREATE TABLE `reacties` (
  `id` int NOT NULL AUTO_INCREMENT,
  `foto` int NOT NULL,
  `account` int NOT NULL,
  `reactie` varchar(512) NOT NULL,
  PRIMARY KEY (`id`)
) ENGINE=InnoDB AUTO_INCREMENT=9 DEFAULT CHARSET=latin1;
/*!40101 SET character_set_client = @saved_cs_client */;
INSERT INTO `reacties` (`id`, `foto`, `account`, `reactie`) VALUES (1,1,1,'Ik vind het een hele intrigerende foto. Je moet echt goed kijken om te begrijpen waar je naar kijkt. Daar houd ik van: foto\'s die je nog even laten denken.'),(2,1,3,'Sorry, hier heb ik echt helemaal niks mee. Vaak vind ik het nog wel ok wat er hier op de site te zien is, maar dit kan me echt niet bekoren.'),(3,1,4,'Ik snap wat je hier hebt geprobeerd, maar vind het niet erg geslaagd. Op zich heeft de foto wel iets ouderwets: dat past bij een museum.'),(4,2,2,'Hee, dit is niet zo heel ver van mijn huis!'),(5,2,2,'Nog even: ik ken dit rijtje windmolens. Staan er al heel lang. Volgens mij hebben ze een heel laag rendement naar de huidige maatstaven.'),(6,3,3,'Sfeervol!'),(7,3,4,'Mooi dat contrast tussen de grauwe achtergrond en de frisse kleuren van de kleding van de jongens.'),(8,3,1,'Dank je: vind dit zelf ook best goed gelukt, hoewel de foto relatief donker geworden is.');
